-- phpMyAdmin SQL Dump
-- version 5.2.1
-- https://www.phpmyadmin.net/
--
-- Host: 127.0.0.1:3307
-- Generation Time: Feb 17, 2026 at 05:55 PM
-- Server version: 10.4.32-MariaDB
-- PHP Version: 8.2.12

SET SQL_MODE = "NO_AUTO_VALUE_ON_ZERO";
START TRANSACTION;
SET time_zone = "+00:00";


/*!40101 SET @OLD_CHARACTER_SET_CLIENT=@@CHARACTER_SET_CLIENT */;
/*!40101 SET @OLD_CHARACTER_SET_RESULTS=@@CHARACTER_SET_RESULTS */;
/*!40101 SET @OLD_COLLATION_CONNECTION=@@COLLATION_CONNECTION */;
/*!40101 SET NAMES utf8mb4 */;

--
-- Database: `airline1_db`
--

-- --------------------------------------------------------

--
-- Table structure for table `bookings`
--

CREATE TABLE `bookings` (
  `id` int(11) NOT NULL,
  `user_id` int(11) DEFAULT NULL,
  `flight_id` int(11) DEFAULT NULL,
  `seats` int(11) DEFAULT NULL,
  `booking_date` timestamp NOT NULL DEFAULT current_timestamp(),
  `status` varchar(20) DEFAULT 'CONFIRMED',
  `class_type` varchar(20) DEFAULT 'Economy',
  `payment_method` varchar(20) DEFAULT 'Credit Card'
) ENGINE=InnoDB DEFAULT CHARSET=utf8mb4 COLLATE=utf8mb4_general_ci;

--
-- Dumping data for table `bookings`
--

INSERT INTO `bookings` (`id`, `user_id`, `flight_id`, `seats`, `booking_date`, `status`, `class_type`, `payment_method`) VALUES
(1, 2, 25, 1, '2026-02-11 14:21:14', 'CONFIRMED', 'Economy', 'Credit Card'),
(2, 2, 25, 1, '2026-02-11 14:21:20', 'CONFIRMED', 'Business', 'Credit Card'),
(3, 4, 25, 4, '2026-02-11 15:04:03', 'CONFIRMED', 'Business', 'Credit Card'),
(4, 4, 25, 1, '2026-02-11 15:04:14', 'CONFIRMED', 'Economy', 'Credit Card'),
(5, 2, 25, 1, '2026-02-11 15:29:05', 'CONFIRMED', 'Business', 'Credit Card'),
(6, 2, 25, 1, '2026-02-11 15:29:07', 'CONFIRMED', 'Business', 'Credit Card'),
(7, 2, 25, 1, '2026-02-11 15:48:15', 'CONFIRMED', 'Business', 'Credit Card'),
(8, 2, 25, 1, '2026-02-11 15:48:19', 'CONFIRMED', 'Business', 'Credit Card'),
(9, 2, 25, 1, '2026-02-11 15:52:55', 'CONFIRMED', 'Economy', 'Credit Card'),
(10, 2, 25, 1, '2026-02-11 15:52:59', 'CONFIRMED', 'Economy', 'Credit Card'),
(11, 2, 25, 1, '2026-02-11 15:54:18', 'CONFIRMED', 'Economy', 'Credit Card'),
(12, 2, 25, 6, '2026-02-11 16:16:29', 'CONFIRMED', 'Business', 'Credit Card'),
(13, 5, 121, 1, '2026-02-12 16:10:26', 'CONFIRMED', 'Business', 'Credit Card'),
(14, 5, 21, 1, '2026-02-12 16:10:30', 'CONFIRMED', 'Economy', 'Credit Card'),
(15, 5, 54, 10, '2026-02-12 16:13:05', 'CONFIRMED', 'Business', 'Credit Card'),
(16, 5, 158, 10, '2026-02-12 16:13:15', 'CONFIRMED', 'Business', 'Credit Card'),
(17, 5, 195, 10, '2026-02-12 16:13:25', 'CONFIRMED', 'Business', 'Credit Card'),
(18, 2, 25, 1, '2026-02-13 15:32:36', 'CONFIRMED', 'Economy', 'UPI'),
(19, 2, 25, 1, '2026-02-13 15:32:41', 'CONFIRMED', 'Business', 'UPI'),
(20, 2, 25, 1, '2026-02-13 15:32:44', 'CONFIRMED', 'Business', 'Credit Card'),
(21, 2, 25, 1, '2026-02-13 15:32:49', 'CONFIRMED', 'Economy', 'UPI'),
(22, 2, 25, 1, '2026-02-13 15:32:52', 'CONFIRMED', 'Economy', 'Credit Card'),
(23, 2, 25, 7, '2026-02-13 15:32:57', 'CONFIRMED', 'Economy', 'Credit Card'),
(24, 2, 25, 1, '2026-02-13 15:50:54', 'CONFIRMED', 'Business', 'UPI'),
(25, 22, 24, 1, '2026-02-13 16:06:39', 'CONFIRMED', 'Economy', 'Credit Card'),
(26, 22, 107, 10, '2026-02-13 16:06:54', 'CONFIRMED', 'Business', 'Credit Card'),
(27, 2, 24, 1, '2026-02-17 16:48:39', 'CONFIRMED', 'Business', 'UPI'),
(28, 2, 24, 1, '2026-02-17 16:53:28', 'CONFIRMED', 'Business', 'UPI'),
(29, 2, 107, 6, '2026-02-17 16:53:47', 'CONFIRMED', 'Business', 'UPI'),
(30, 2, 24, 1, '2026-02-17 16:54:20', 'CONFIRMED', 'Economy', 'UPI');

-- --------------------------------------------------------

--
-- Table structure for table `flights`
--

CREATE TABLE `flights` (
  `id` int(11) NOT NULL,
  `flight_no` varchar(20) DEFAULT NULL,
  `source` varchar(50) DEFAULT NULL,
  `destination` varchar(50) DEFAULT NULL,
  `dept_time` varchar(20) DEFAULT NULL,
  `arr_time` varchar(20) DEFAULT NULL,
  `eco_price` decimal(10,2) DEFAULT NULL,
  `eco_seats` int(11) DEFAULT NULL,
  `eco_avail` int(11) DEFAULT NULL,
  `bus_seats` int(11) DEFAULT 20,
  `bus_avail` int(11) DEFAULT 20,
  `bus_price` decimal(10,2) DEFAULT 15000.00
) ENGINE=InnoDB DEFAULT CHARSET=utf8mb4 COLLATE=utf8mb4_general_ci;

--
-- Dumping data for table `flights`
--

INSERT INTO `flights` (`id`, `flight_no`, `source`, `destination`, `dept_time`, `arr_time`, `eco_price`, `eco_seats`, `eco_avail`, `bus_seats`, `bus_avail`, `bus_price`) VALUES
(1, 'BA-202', 'Delhi', 'New York', '04:00', '14:00', 120000.00, 350, 350, 20, 20, 190062.00),
(2, 'EK-303', 'Bangalore', 'Dubai', '10:00', '13:00', 25000.00, 280, 280, 20, 20, 136184.00),
(3, 'LH-404', 'Mumbai', 'Frankfurt', '01:00', '06:30', 55000.00, 320, 320, 20, 20, 110733.00),
(4, 'AF-606', 'Delhi', 'Paris', '03:00', '08:00', 70000.00, 300, 300, 20, 20, 193369.00),
(5, 'JL-707', 'Delhi', 'Tokyo', '20:00', '07:00', 85000.00, 200, 200, 20, 20, 131505.00),
(6, 'QF-808', 'Mumbai', 'Sydney', '18:00', '10:00', 110000.00, 350, 350, 20, 20, 177417.00),
(7, 'CX-909', 'Bangalore', 'Hong Kong', '01:00', '09:00', 45000.00, 280, 280, 20, 20, 192570.00),
(8, 'QR-110', 'Hyderabad', 'Doha', '04:00', '06:00', 18000.00, 250, 250, 20, 20, 130601.00),
(9, 'UA-111', 'Delhi', 'San Francisco', '02:00', '06:00', 145000.00, 300, 300, 20, 20, 175293.00),
(10, 'KL-112', 'Mumbai', 'Amsterdam', '03:30', '08:30', 60000.00, 280, 280, 20, 20, 184665.00),
(11, 'ET-113', 'Mumbai', 'Addis Ababa', '05:00', '09:00', 35000.00, 200, 200, 20, 20, 197445.00),
(12, 'TK-114', 'Delhi', 'Istanbul', '06:00', '10:30', 48000.00, 250, 250, 20, 20, 133229.00),
(13, 'VS-115', 'Delhi', 'London', '13:00', '17:30', 68000.00, 300, 300, 20, 20, 173812.00),
(14, 'AA-116', 'Bangalore', 'Seattle', '04:00', '11:00', 135000.00, 300, 300, 20, 20, 169375.00),
(15, 'AC-117', 'Delhi', 'Toronto', '23:00', '05:00', 125000.00, 350, 350, 20, 20, 125437.00),
(16, 'MH-118', 'Chennai', 'Kuala Lumpur', '08:00', '14:30', 22000.00, 200, 200, 20, 20, 119062.00),
(17, 'TG-119', 'Kolkata', 'Bangkok', '01:00', '05:30', 15000.00, 180, 180, 20, 20, 118999.00),
(18, 'LX-120', 'Mumbai', 'Zurich', '02:00', '07:00', 58000.00, 250, 250, 20, 20, 137809.00),
(19, 'AI-121', 'Mumbai', 'Chicago', '11:00', '16:00', 110000.00, 350, 350, 20, 20, 132050.00),
(20, 'BA-122', 'Bangalore', 'London', '07:00', '12:30', 75000.00, 300, 300, 20, 20, 146825.00),
(21, 'EK-123', 'Delhi', 'Dubai', '16:00', '18:30', 28000.00, 400, 399, 20, 20, 137973.00),
(22, 'LH-124', 'Bangalore', 'Munich', '02:30', '08:00', 62000.00, 280, 280, 20, 20, 149393.00),
(23, 'SQ-125', 'Mumbai', 'Singapore', '12:00', '20:00', 32000.00, 300, 300, 20, 20, 133045.00),
(24, 'AF-126', 'Mumbai', 'Paris', '04:00', '09:30', 72000.00, 300, 298, 20, 18, 117048.00),
(25, 'JL-127', 'Mumbai', 'Tokyo', '21:00', '08:00', 88000.00, 250, 235, 20, 2, 186103.00),
(26, 'QF-128', 'Delhi', 'Melbourne', '19:00', '11:00', 115000.00, 350, 350, 20, 20, 179371.00),
(27, 'CX-129', 'Delhi', 'Hong Kong', '22:00', '06:00', 47000.00, 280, 280, 20, 20, 138550.00),
(28, 'QR-130', 'Mumbai', 'Doha', '05:00', '06:30', 19000.00, 250, 250, 20, 20, 154635.00),
(29, 'UA-131', 'Mumbai', 'Newark', '01:30', '06:30', 140000.00, 300, 300, 20, 20, 157525.00),
(30, 'KL-132', 'Delhi', 'Amsterdam', '02:30', '07:30', 61000.00, 280, 280, 20, 20, 123719.00),
(31, 'ET-133', 'Delhi', 'Addis Ababa', '04:00', '08:00', 36000.00, 200, 200, 20, 20, 146024.00),
(32, 'TK-134', 'Mumbai', 'Istanbul', '05:30', '10:00', 49000.00, 250, 250, 20, 20, 158962.00),
(33, 'VS-135', 'Mumbai', 'London', '14:00', '18:30', 69000.00, 300, 300, 20, 20, 156738.00),
(34, 'AA-136', 'Delhi', 'Dallas', '03:00', '09:00', 138000.00, 300, 300, 20, 20, 106805.00),
(35, 'AC-137', 'Mumbai', 'Vancouver', '22:00', '08:00', 128000.00, 350, 350, 20, 20, 163810.00),
(36, 'MH-138', 'Bangalore', 'Kuala Lumpur', '09:00', '15:30', 23000.00, 200, 200, 20, 20, 198637.00),
(37, 'TG-139', 'Mumbai', 'Bangkok', '02:00', '07:30', 16000.00, 250, 250, 20, 20, 101756.00),
(38, 'LX-140', 'Delhi', 'Zurich', '01:00', '06:00', 59000.00, 250, 250, 20, 20, 112871.00),
(39, 'AI-141', 'Delhi', 'Washington', '10:00', '15:00', 112000.00, 350, 350, 20, 20, 159086.00),
(40, 'BA-142', 'Chennai', 'London', '06:00', '11:30', 73000.00, 280, 280, 20, 20, 156817.00),
(41, 'EK-143', 'Kochi', 'Dubai', '11:00', '13:30', 15000.00, 200, 200, 20, 20, 106828.00),
(42, 'LH-144', 'Delhi', 'Frankfurt', '03:00', '08:00', 56000.00, 320, 320, 20, 20, 163690.00),
(43, 'SQ-145', 'Delhi', 'Singapore', '13:00', '21:00', 31000.00, 300, 300, 20, 20, 197966.00),
(44, 'AF-146', 'Bangalore', 'Paris', '02:00', '07:30', 71000.00, 280, 280, 20, 20, 198761.00),
(45, 'JL-147', 'Bangalore', 'Tokyo', '22:00', '09:00', 87000.00, 200, 200, 20, 20, 199906.00),
(46, 'QF-148', 'Bangalore', 'Sydney', '20:00', '12:00', 112000.00, 300, 300, 20, 20, 103248.00),
(47, 'CX-149', 'Mumbai', 'Hong Kong', '23:00', '07:00', 46000.00, 280, 280, 20, 20, 116523.00),
(48, 'QR-150', 'Delhi', 'Doha', '06:00', '07:30', 20000.00, 300, 300, 20, 20, 172871.00),
(49, 'UA-151', 'Bangalore', 'San Francisco', '01:00', '07:00', 150000.00, 280, 280, 20, 20, 114785.00),
(50, 'KL-152', 'Bangalore', 'Amsterdam', '04:00', '09:30', 63000.00, 250, 250, 20, 20, 155314.00),
(51, 'ET-153', 'Bangalore', 'Addis Ababa', '06:00', '10:00', 37000.00, 200, 200, 20, 20, 132217.00),
(52, 'TK-154', 'Bangalore', 'Istanbul', '07:00', '11:30', 50000.00, 250, 250, 20, 20, 195141.00),
(53, 'VS-155', 'Bangalore', 'London', '15:00', '19:30', 70000.00, 280, 280, 20, 20, 179054.00),
(54, 'AA-156', 'Mumbai', 'New York', '02:00', '08:00', 118000.00, 300, 300, 20, 10, 109850.00),
(55, 'AC-157', 'Bangalore', 'Toronto', '21:00', '06:00', 130000.00, 300, 300, 20, 20, 112086.00),
(56, 'MH-158', 'Delhi', 'Kuala Lumpur', '10:00', '16:30', 24000.00, 200, 200, 20, 20, 130882.00),
(57, 'TG-159', 'Delhi', 'Bangkok', '03:00', '08:30', 17000.00, 250, 250, 20, 20, 118151.00),
(58, 'LX-160', 'Bangalore', 'Zurich', '03:00', '08:00', 60000.00, 250, 250, 20, 20, 198109.00),
(59, 'AI-161', 'Ahmedabad', 'London', '05:00', '10:00', 58000.00, 250, 250, 20, 20, 136095.00),
(60, 'BA-162', 'Hyderabad', 'London', '07:00', '12:30', 74000.00, 280, 280, 20, 20, 186145.00),
(61, 'EK-163', 'Ahmedabad', 'Dubai', '15:00', '17:00', 16000.00, 200, 200, 20, 20, 122444.00),
(62, 'LH-164', 'Chennai', 'Frankfurt', '02:00', '07:30', 57000.00, 280, 280, 20, 20, 153784.00),
(63, 'SQ-165', 'Kolkata', 'Singapore', '23:30', '06:00', 28000.00, 250, 250, 20, 20, 101590.00),
(64, 'AF-166', 'Chennai', 'Paris', '01:00', '06:30', 68000.00, 250, 250, 20, 20, 146597.00),
(65, 'JL-167', 'Delhi', 'Osaka', '21:00', '07:00', 82000.00, 200, 200, 20, 20, 128218.00),
(66, 'QF-168', 'Delhi', 'Brisbane', '18:30', '09:00', 105000.00, 300, 300, 20, 20, 101296.00),
(67, 'CX-169', 'Chennai', 'Hong Kong', '02:00', '09:00', 43000.00, 250, 250, 20, 20, 121829.00),
(68, 'QR-170', 'Kochi', 'Doha', '09:00', '11:00', 14000.00, 200, 200, 20, 20, 105257.00),
(69, 'UA-171', 'Mumbai', 'Los Angeles', '04:00', '09:00', 142000.00, 300, 300, 20, 20, 160799.00),
(70, 'KL-172', 'Hyderabad', 'Amsterdam', '03:00', '08:30', 59000.00, 250, 250, 20, 20, 188223.00),
(71, 'ET-173', 'Hyderabad', 'Addis Ababa', '05:30', '09:30', 34000.00, 200, 200, 20, 20, 158719.00),
(72, 'TK-174', 'Hyderabad', 'Istanbul', '06:30', '11:00', 46000.00, 250, 250, 20, 20, 128925.00),
(73, 'VS-175', 'Chennai', 'London', '14:30', '19:00', 67000.00, 280, 280, 20, 20, 168469.00),
(74, 'AA-176', 'Delhi', 'Chicago', '01:00', '06:00', 125000.00, 300, 300, 20, 20, 155569.00),
(75, 'AC-177', 'Mumbai', 'Montreal', '23:00', '07:00', 122000.00, 300, 300, 20, 20, 172442.00),
(76, 'MH-178', 'Hyderabad', 'Kuala Lumpur', '11:00', '17:30', 21000.00, 200, 200, 20, 20, 195501.00),
(77, 'TG-179', 'Bangalore', 'Bangkok', '00:30', '06:00', 18000.00, 250, 250, 20, 20, 160180.00),
(78, 'LX-180', 'Chennai', 'Zurich', '02:30', '07:30', 57000.00, 250, 250, 20, 20, 114400.00),
(79, 'AI-181', 'Amritsar', 'London', '13:00', '17:30', 60000.00, 250, 250, 20, 20, 191457.00),
(80, 'BA-182', 'Kolkata', 'London', '08:00', '13:30', 71000.00, 250, 250, 20, 20, 114086.00),
(81, 'EK-183', 'Kolkata', 'Dubai', '14:00', '17:00', 19000.00, 200, 200, 20, 20, 196060.00),
(82, 'LH-184', 'Pune', 'Frankfurt', '04:00', '09:30', 64000.00, 180, 180, 20, 20, 138041.00),
(83, 'SQ-185', 'Ahmedabad', 'Singapore', '22:00', '06:00', 29000.00, 200, 200, 20, 20, 102027.00),
(84, 'AF-186', 'Mumbai', 'Lyon', '05:00', '10:00', 66000.00, 250, 250, 20, 20, 196012.00),
(85, 'JL-187', 'Mumbai', 'Osaka', '22:00', '08:00', 84000.00, 250, 250, 20, 20, 173979.00),
(86, 'QF-188', 'Mumbai', 'Perth', '17:00', '06:00', 95000.00, 300, 300, 20, 20, 181858.00),
(87, 'CX-189', 'Kolkata', 'Hong Kong', '00:00', '06:00', 41000.00, 200, 200, 20, 20, 187355.00),
(88, 'QR-190', 'Goa', 'Doha', '03:00', '05:00', 22000.00, 200, 200, 20, 20, 191203.00),
(89, 'UA-191', 'Delhi', 'Houston', '05:00', '10:00', 148000.00, 300, 300, 20, 20, 193948.00),
(90, 'KL-192', 'Delhi', 'Paris', '01:00', '06:00', 65000.00, 300, 300, 20, 20, 196134.00),
(91, 'ET-193', 'Delhi', 'Nairobi', '08:00', '14:00', 40000.00, 250, 250, 20, 20, 198825.00),
(92, 'TK-194', 'Mumbai', 'Athens', '04:30', '09:30', 52000.00, 250, 250, 20, 20, 105722.00),
(93, 'VS-195', 'Delhi', 'Manchester', '12:00', '16:30', 66000.00, 300, 300, 20, 20, 132136.00),
(94, 'AA-196', 'Bangalore', 'Boston', '03:00', '09:00', 132000.00, 280, 280, 20, 20, 143513.00),
(95, 'AC-197', 'Delhi', 'Vancouver', '21:00', '07:00', 126000.00, 350, 350, 20, 20, 121160.00),
(96, 'EY-201', 'Mumbai', 'Abu Dhabi', '04:15', '06:00', 18000.00, 250, 250, 20, 20, 45000.00),
(97, 'NH-202', 'Delhi', 'Tokyo', '23:30', '08:50', 75000.00, 280, 280, 25, 25, 160000.00),
(98, '6E-203', 'Bangalore', 'Male', '10:30', '12:45', 12000.00, 180, 180, 0, 0, 0.00),
(99, 'EK-204', 'Mumbai', 'Dubai', '16:00', '18:00', 22000.00, 350, 350, 30, 30, 55000.00),
(100, 'SQ-205', 'Chennai', 'Singapore', '23:15', '06:00', 28000.00, 250, 250, 20, 20, 72000.00),
(101, 'LH-206', 'Delhi', 'Munich', '01:45', '06:20', 58000.00, 300, 300, 24, 24, 145000.00),
(102, 'AI-207', 'Kolkata', 'London', '05:30', '11:15', 62000.00, 250, 250, 18, 18, 130000.00),
(103, 'CX-208', 'Mumbai', 'Hong Kong', '01:05', '09:20', 44000.00, 280, 280, 22, 22, 98000.00),
(104, 'QR-209', 'Hyderabad', 'Doha', '03:45', '05:50', 20000.00, 250, 250, 20, 20, 52000.00),
(105, 'UK-210', 'Delhi', 'Singapore', '23:45', '07:55', 31000.00, 180, 180, 12, 12, 85000.00),
(106, 'AC-211', 'Delhi', 'Vancouver', '22:45', '07:15', 125000.00, 300, 300, 30, 30, 280000.00),
(107, 'AF-212', 'Mumbai', 'Paris', '02:00', '08:30', 69000.00, 280, 280, 20, 4, 155000.00),
(108, 'LX-213', 'Mumbai', 'Zurich', '01:20', '06:45', 55000.00, 250, 250, 15, 15, 140000.00),
(109, 'TK-214', 'Delhi', 'Istanbul', '06:30', '10:50', 46000.00, 280, 280, 20, 20, 92000.00),
(110, 'SU-215', 'Delhi', 'Moscow', '05:00', '09:30', 42000.00, 240, 240, 16, 16, 88000.00),
(111, 'KL-216', 'Bangalore', 'Amsterdam', '03:10', '09:00', 64000.00, 260, 260, 20, 20, 148000.00),
(112, 'VS-217', 'Mumbai', 'London', '13:30', '18:45', 66000.00, 300, 300, 25, 25, 165000.00),
(113, 'ET-218', 'Delhi', 'Addis Ababa', '04:20', '08:45', 38000.00, 200, 200, 12, 12, 75000.00),
(114, 'MH-219', 'Chennai', 'Kuala Lumpur', '09:15', '15:45', 19000.00, 220, 220, 15, 15, 42000.00),
(115, 'TG-220', 'Delhi', 'Bangkok', '00:30', '06:15', 16000.00, 250, 250, 20, 20, 38000.00),
(116, 'EY-221', 'Kochi', 'Abu Dhabi', '04:45', '07:10', 14000.00, 180, 180, 12, 12, 32000.00),
(117, 'QF-222', 'Delhi', 'Sydney', '18:10', '11:45', 110000.00, 320, 320, 30, 30, 245000.00),
(118, 'UA-223', 'Mumbai', 'Newark', '23:20', '05:50', 135000.00, 300, 300, 35, 35, 310000.00),
(119, 'BA-224', 'Hyderabad', 'London', '07:15', '13:00', 72000.00, 280, 280, 24, 24, 178000.00),
(120, 'SQ-225', 'Ahmedabad', 'Singapore', '22:50', '07:05', 30000.00, 200, 200, 18, 18, 65000.00),
(121, 'EK-226', 'Delhi', 'Dubai', '10:35', '12:50', 25000.00, 400, 400, 40, 39, 68000.00),
(122, 'AA-227', 'Delhi', 'New York', '02:00', '07:30', 118000.00, 300, 300, 30, 30, 260000.00),
(123, 'OZ-228', 'Delhi', 'Seoul', '23:50', '10:00', 55000.00, 260, 260, 20, 20, 125000.00),
(124, 'DL-229', 'Mumbai', 'Atlanta', '21:30', '06:00', 142000.00, 310, 310, 32, 32, 320000.00),
(125, 'WY-230', 'Mumbai', 'Muscat', '14:40', '16:00', 13000.00, 180, 180, 12, 12, 29000.00),
(126, 'UL-231', 'Chennai', 'Colombo', '10:00', '11:20', 9500.00, 160, 160, 10, 10, 22000.00),
(127, 'MS-232', 'Mumbai', 'Cairo', '03:00', '07:30', 48000.00, 240, 240, 18, 18, 95000.00),
(128, 'KE-233', 'Mumbai', 'Seoul', '22:15', '08:40', 58000.00, 280, 280, 22, 22, 135000.00),
(129, 'KU-234', 'Delhi', 'Kuwait', '06:10', '08:35', 21000.00, 220, 220, 16, 16, 48000.00),
(130, 'GF-235', 'Mumbai', 'Bahrain', '21:30', '23:10', 17000.00, 180, 180, 14, 14, 39000.00),
(131, 'RJ-236', 'Delhi', 'Amman', '04:50', '09:15', 41000.00, 200, 200, 15, 15, 82000.00),
(132, 'SV-237', 'Mumbai', 'Jeddah', '19:00', '22:15', 26000.00, 300, 300, 20, 20, 60000.00),
(133, 'HY-238', 'Delhi', 'Tashkent', '11:20', '14:00', 23000.00, 160, 160, 10, 10, 44000.00),
(134, 'KC-239', 'Delhi', 'Almaty', '12:30', '16:50', 25000.00, 160, 160, 12, 12, 49000.00),
(135, 'PK-240', 'Delhi', 'Lahore', '14:00', '15:15', 12000.00, 150, 150, 8, 8, 28000.00),
(136, '6E-241', 'Mumbai', 'Dubai', '07:30', '09:15', 15000.00, 180, 180, 0, 0, 0.00),
(137, 'SG-242', 'Delhi', 'Bangkok', '22:00', '03:45', 13500.00, 180, 180, 0, 0, 0.00),
(138, 'AI-243', 'Mumbai', 'Singapore', '11:45', '19:50', 26000.00, 250, 250, 18, 18, 58000.00),
(139, 'EY-244', 'Delhi', 'Abu Dhabi', '20:30', '23:00', 21000.00, 280, 280, 22, 22, 47000.00),
(140, 'QR-245', 'Kochi', 'Doha', '09:20', '11:30', 16000.00, 240, 240, 16, 16, 38000.00),
(141, 'EK-246', 'Bangalore', 'Dubai', '04:20', '06:40', 24000.00, 350, 350, 30, 30, 54000.00),
(142, 'WY-247', 'Delhi', 'Muscat', '16:15', '18:40', 15000.00, 180, 180, 14, 14, 33000.00),
(143, 'FZ-248', 'Mumbai', 'Dubai', '02:30', '04:15', 14000.00, 189, 189, 0, 0, 0.00),
(144, 'G9-249', 'Delhi', 'Sharjah', '18:50', '21:10', 13000.00, 174, 174, 0, 0, 0.00),
(145, 'IX-250', 'Kochi', 'Dubai', '00:15', '02:40', 11000.00, 186, 186, 0, 0, 0.00),
(146, 'AI-251', 'Delhi', 'Chicago', '02:30', '07:15', 115000.00, 340, 340, 35, 35, 245000.00),
(147, 'BA-252', 'Mumbai', 'London', '01:45', '06:55', 68000.00, 300, 300, 28, 28, 165000.00),
(148, 'SQ-253', 'Mumbai', 'Singapore', '23:55', '07:45', 32000.00, 310, 310, 25, 25, 85000.00),
(149, 'LH-254', 'Bangalore', 'Frankfurt', '03:10', '08:50', 61000.00, 280, 280, 20, 20, 142000.00),
(150, 'AF-255', 'Delhi', 'Paris', '00:45', '06:15', 72000.00, 300, 300, 24, 24, 175000.00),
(151, 'KL-256', 'Delhi', 'Amsterdam', '02:20', '07:40', 65000.00, 280, 280, 22, 22, 155000.00),
(152, 'TK-257', 'Mumbai', 'Istanbul', '06:00', '10:45', 48000.00, 260, 260, 18, 18, 98000.00),
(153, 'EY-258', 'Bangalore', 'Abu Dhabi', '21:15', '23:50', 20000.00, 240, 240, 16, 16, 44000.00),
(154, 'CX-259', 'Delhi', 'Hong Kong', '22:30', '06:45', 46000.00, 280, 280, 20, 20, 110000.00),
(155, 'JL-260', 'Delhi', 'Tokyo', '19:45', '07:10', 82000.00, 240, 240, 18, 18, 185000.00),
(156, 'QF-261', 'Delhi', 'Melbourne', '18:50', '12:30', 108000.00, 310, 310, 28, 28, 230000.00),
(157, 'UA-262', 'Delhi', 'San Francisco', '03:15', '06:45', 145000.00, 300, 300, 32, 32, 340000.00),
(158, 'AA-263', 'Mumbai', 'New York', '01:00', '06:50', 121000.00, 300, 300, 30, 20, 275000.00),
(159, 'AC-264', 'Mumbai', 'Toronto', '23:15', '05:40', 128000.00, 300, 300, 30, 30, 290000.00),
(160, 'DL-265', 'Delhi', 'New York', '22:00', '05:15', 124000.00, 320, 320, 34, 34, 285000.00),
(161, 'VS-266', 'Delhi', 'London', '13:45', '18:20', 69000.00, 280, 280, 20, 20, 158000.00),
(162, 'LX-267', 'Delhi', 'Zurich', '01:15', '06:10', 59000.00, 250, 250, 18, 18, 135000.00),
(163, 'OS-268', 'Delhi', 'Vienna', '02:40', '06:55', 54000.00, 240, 240, 16, 16, 125000.00),
(164, 'SN-269', 'Mumbai', 'Brussels', '03:10', '08:45', 57000.00, 230, 230, 15, 15, 128000.00),
(165, 'LO-270', 'Delhi', 'Warsaw', '08:00', '12:30', 49000.00, 200, 200, 12, 12, 110000.00),
(166, 'SU-271', 'Mumbai', 'Moscow', '04:45', '09:20', 45000.00, 250, 250, 18, 18, 92000.00),
(167, 'PS-272', 'Delhi', 'Kyiv', '03:55', '08:15', 38000.00, 180, 180, 12, 12, 85000.00),
(168, 'HY-273', 'Mumbai', 'Tashkent', '12:10', '15:20', 21000.00, 170, 170, 10, 10, 42000.00),
(169, 'KC-274', 'Mumbai', 'Almaty', '13:00', '17:45', 24000.00, 160, 160, 10, 10, 47000.00),
(170, 'TG-275', 'Mumbai', 'Bangkok', '01:45', '07:30', 17000.00, 280, 280, 20, 20, 39000.00),
(171, 'SQ-276', 'Bangalore', 'Singapore', '23:05', '06:10', 29000.00, 260, 260, 20, 20, 68000.00),
(172, 'MH-277', 'Delhi', 'Kuala Lumpur', '11:00', '17:45', 22000.00, 240, 240, 16, 16, 46000.00),
(173, 'VN-278', 'Delhi', 'Hanoi', '23:30', '06:15', 34000.00, 200, 200, 14, 14, 78000.00),
(174, 'GA-279', 'Mumbai', 'Jakarta', '22:10', '07:35', 38000.00, 250, 250, 18, 18, 88000.00),
(175, 'BI-280', 'Delhi', 'Brunei', '21:45', '06:30', 41000.00, 180, 180, 12, 12, 92000.00),
(176, 'HX-281', 'Delhi', 'Hong Kong', '23:15', '07:45', 39000.00, 260, 260, 20, 20, 85000.00),
(177, 'BR-282', 'Delhi', 'Taipei', '23:55', '08:20', 52000.00, 280, 280, 24, 24, 120000.00),
(178, 'CI-283', 'Delhi', 'Taipei', '13:10', '21:45', 48000.00, 250, 250, 20, 20, 115000.00),
(179, 'PR-284', 'Delhi', 'Manila', '22:30', '07:15', 45000.00, 220, 220, 16, 16, 105000.00),
(180, 'UL-285', 'Mumbai', 'Colombo', '03:45', '06:10', 11000.00, 180, 180, 12, 12, 28000.00),
(181, 'BG-286', 'Kolkata', 'Dhaka', '10:30', '11:45', 6500.00, 160, 160, 8, 8, 15000.00),
(182, 'RA-287', 'Delhi', 'Kathmandu', '13:15', '14:45', 8500.00, 150, 150, 8, 8, 19000.00),
(183, 'KB-288', 'Delhi', 'Paro', '10:50', '13:10', 14000.00, 120, 120, 6, 6, 32000.00),
(184, 'WB-289', 'Mumbai', 'Kigali', '02:15', '07:45', 52000.00, 180, 180, 12, 12, 115000.00),
(185, 'KQ-290', 'Mumbai', 'Nairobi', '06:40', '11:20', 48000.00, 240, 240, 18, 18, 105000.00),
(186, 'MD-291', 'Mumbai', 'Antananarivo', '04:10', '10:30', 65000.00, 200, 200, 14, 14, 145000.00),
(187, 'MK-292', 'Mumbai', 'Mauritius', '05:30', '10:15', 58000.00, 260, 260, 20, 20, 125000.00),
(188, 'HM-293', 'Mumbai', 'Seychelles', '04:45', '08:15', 49000.00, 180, 180, 12, 12, 98000.00),
(189, 'ET-294', 'Mumbai', 'Addis Ababa', '05:05', '08:50', 39000.00, 250, 250, 16, 16, 82000.00),
(190, 'QR-295', 'Ahmedabad', 'Doha', '04:20', '05:50', 22000.00, 180, 180, 14, 14, 48000.00),
(191, 'EY-296', 'Hyderabad', 'Abu Dhabi', '21:40', '00:10', 21000.00, 190, 190, 12, 12, 45000.00),
(192, 'EK-297', 'Kolkata', 'Dubai', '20:15', '00:30', 25000.00, 300, 300, 24, 24, 58000.00),
(193, 'TK-298', 'Bangalore', 'Istanbul', '06:45', '11:50', 49000.00, 280, 280, 22, 22, 95000.00),
(195, 'AI-300', 'Mumbai', 'New York', '00:45', '07:15', 122000.00, 340, 340, 35, 25, 265000.00);

-- --------------------------------------------------------

--
-- Table structure for table `users`
--

CREATE TABLE `users` (
  `id` int(11) NOT NULL,
  `name` varchar(100) DEFAULT NULL,
  `email` varchar(100) DEFAULT NULL,
  `password` varchar(100) DEFAULT NULL,
  `role` varchar(20) DEFAULT 'user',
  `phone` varchar(15) DEFAULT NULL
) ENGINE=InnoDB DEFAULT CHARSET=utf8mb4 COLLATE=utf8mb4_general_ci;

--
-- Dumping data for table `users`
--

INSERT INTO `users` (`id`, `name`, `email`, `password`, `role`, `phone`) VALUES
(1, 'Admin', 'admin@skyline.com', 'admin123', 'admin', NULL),
(2, 'kakadiya meet', 'kakadiyameet49@gmail.com', '123123', 'user', NULL),
(4, 'kakadiyameet', 'kakadiyameet@gmail.com', '123123', 'user', NULL),
(5, 'kakadiyameet', 'kakadiyakunj1234@gmail.com', '123123', 'user', NULL),
(7, 'arkit savaliya', 'kunjkakadiya.22.ce@iite.indusuni.ac.in', '147258', 'user', NULL),
(9, 'kakadiya meet', 'kakadiyakunj@gmail.com', '123456', 'user', NULL),
(10, 'kakadiya meet', 'kakadiyameeta@gmail.com', '123789', 'user', '8735039139'),
(11, 'kakadiya meet', 'kakadiyameetq@gmail.com', '1234785', 'user', '8735039139'),
(12, 'kakadiya meet', 'kakadiyameetq1@gmail.com', '123456', 'user', '8735039139'),
(13, 'kakadiya meet', 'meetkakadiya@gmail.com', '147258', 'user', '8735039139'),
(14, 'kakadiya meet', 'meet@gmail.com', '415263', 'user', '8735039139'),
(15, 'meet kakadiya', 'meekakadiya@gmail.com', '123123', 'user', '8735039139'),
(16, 'meet kakadiya', 'mkakadiya@gmail.com', '123456', 'user', '8735039139'),
(17, 'kakadiya meet', 'kmeet@gmail.com', '123123', 'user', '8735039139'),
(18, 'kakadiya meet', 'mnkakadiya@gmail.com', '1234567890', 'user', '5798743857'),
(19, 'kakadiya meet', 'mkakadiiya@gmail.com', '1234567890', 'user', '1234567899'),
(20, 'lalo', 'lalo@gmail.com', '741258', 'user', '1234567890'),
(21, 'kakadiyameet', 'kakadiya@gmail.com', '123456', 'user', '7418529630'),
(22, 'hello', 'hello@gmail.com', '1472356', 'user', '7898478456');

--
-- Indexes for dumped tables
--

--
-- Indexes for table `bookings`
--
ALTER TABLE `bookings`
  ADD PRIMARY KEY (`id`),
  ADD KEY `user_id` (`user_id`),
  ADD KEY `fk_flight_smart_link` (`flight_id`);

--
-- Indexes for table `flights`
--
ALTER TABLE `flights`
  ADD PRIMARY KEY (`id`);

--
-- Indexes for table `users`
--
ALTER TABLE `users`
  ADD PRIMARY KEY (`id`),
  ADD UNIQUE KEY `email` (`email`);

--
-- AUTO_INCREMENT for dumped tables
--

--
-- AUTO_INCREMENT for table `bookings`
--
ALTER TABLE `bookings`
  MODIFY `id` int(11) NOT NULL AUTO_INCREMENT, AUTO_INCREMENT=31;

--
-- AUTO_INCREMENT for table `flights`
--
ALTER TABLE `flights`
  MODIFY `id` int(11) NOT NULL AUTO_INCREMENT, AUTO_INCREMENT=196;

--
-- AUTO_INCREMENT for table `users`
--
ALTER TABLE `users`
  MODIFY `id` int(11) NOT NULL AUTO_INCREMENT, AUTO_INCREMENT=23;

--
-- Constraints for dumped tables
--

--
-- Constraints for table `bookings`
--
ALTER TABLE `bookings`
  ADD CONSTRAINT `bookings_ibfk_1` FOREIGN KEY (`user_id`) REFERENCES `users` (`id`),
  ADD CONSTRAINT `fk_flight_smart_link` FOREIGN KEY (`flight_id`) REFERENCES `flights` (`id`) ON DELETE CASCADE ON UPDATE CASCADE;
COMMIT;

/*!40101 SET CHARACTER_SET_CLIENT=@OLD_CHARACTER_SET_CLIENT */;
/*!40101 SET CHARACTER_SET_RESULTS=@OLD_CHARACTER_SET_RESULTS */;
/*!40101 SET COLLATION_CONNECTION=@OLD_COLLATION_CONNECTION */;
